ip,anonymityLevel,asn,country,isp,latency,org,port,protocols,responseTime,speed,updated_at,upTime,upTimeSuccessCount,upTimeTryCount
"187.95.82.109","elite","AS262696","BR","Turbonet Telecomunicações","280","Turbonet Telecomunicações","3629","socks4","4001","1","2023-06-01T02:54:31.568Z","99","1969","1982"
"49.156.39.162","elite","AS24492","KH","WiCAM Corporation Ltd.","197","WiCAM Corporation Ltd.","5678","socks4","5101","80","2023-06-01T02:54:31.383Z","91","1706","1872"
"80.80.167.241","elite","AS21246","XK","IPKO Telecommunications LLC","45","N/A","10801","socks4","5503","1","2023-06-01T02:54:31.472Z","100","1983","1985"
"185.170.233.103","elite","AS206912","CY","Superdach LTD","64","Infra","47574","socks4","1911","1","2023-06-01T02:54:31.388Z","100","1980","1983"
"186.66.97.94","elite","AS14522","EC","Satnet","204","Satnet Uio Cable Modems","5678","socks4","3994","1","2023-06-01T02:54:31.571Z","100","1989","1992"
"149.20.253.77","elite","AS18615","US","Mainstream Fiber Networks, LLC","100","Mainstream Fiber Networks, LLC","12551","socks4","3815","1","2023-06-01T02:54:27.976Z","100","1906","1907"
"185.220.87.150","elite","AS205375","ES","Jose Antonio Ruiz Zamore","82","N/A","4153","socks4","4699","1","2023-06-01T02:54:27.888Z","99","1955","1980"
"181.66.37.210","elite","AS6147","PE","Telefonica del Peru S.A.A.","193","Telefonica del Peru S.A.A","4153","socks4","4890","2","2023-06-01T02:54:27.670Z","69","1339","1937"
"186.236.8.19","elite","AS28146","BR","Mhnet Telecom","283","Mhnet Telecom","4145","socks4","897","2","2023-06-01T02:54:27.974Z","96","1847","1926"
"103.58.75.24","elite","AS134204","BD","BUSINESSNETWORK","178","N/A","5678","socks4","1011","2","2023-06-01T02:54:22.474Z","72","1439","1986"
"110.34.166.182","elite","AS45652","SG","Krypt Technologies","294","Vpls Sin1","4153","socks4","4794","2","2023-06-01T02:54:21.477Z","100","1978","1984"
"159.192.139.42","elite","AS131090","TH","CAT-BB","290","N/A","5678","socks4","4604","1","2023-06-01T02:54:21.470Z","99","1954","1974"
"183.88.192.215","elite","AS45629","TH","Triple T Broadband Public Company Limited","178","Triple T Broadband Public Company Limited","8080","socks4","4515","84","2023-06-01T02:54:21.176Z","99","1911","1926"
"118.67.216.94","elite","AS58923","BD","InterCloud Limited","187","InterCloud ltd","4145","socks4","4608","1","2023-06-01T02:54:21.271Z","96","1892","1971"
"46.149.34.206","elite","AS51973","RU","Koltushsky Internet Ltd","62","Koltushsky Internet Ltd","3629","socks4","4898","2","2023-06-01T02:54:21.380Z","100","1983","1988"
"186.211.96.97","elite","AS53062","BR","Ggnet Telecom Backbone","285","Ggnet Telecom Backbone","5678","socks4","4609","1","2023-06-01T02:54:21.288Z","99","1897","1909"
"211.194.214.128","elite","AS4766","KR","Korea Telecom","298","KORNET","9050","socks4","4987","3","2023-06-01T02:54:21.480Z","100","1970","1971"
"172.98.169.213","elite","AS60558","NL","PHOENIX NAP, LLC.","87","BraveWay LLC","45395","socks4","1286","1","2023-06-01T02:54:21.377Z","100","1885","1885"
"104.36.7.57","elite","AS55077","US","Light Speed Technologies LLC","186","Light Speed Technologies LLC","1337","socks4","3794","1","2023-06-01T02:54:17.186Z","100","1990","1990"
"206.189.149.96","elite","AS14061","SG","DigitalOcean, LLC","151","DigitalOcean, LLC","1080","socks5","5000","1","2023-06-01T02:54:17.377Z","91","1746","1929"
"202.159.121.209","elite","AS9340","ID","PT IndoInternet","187","N/A","443","socks4","4892","85","2023-06-01T02:54:17.669Z","100","1880","1882"
"198.251.89.198","elite","AS53667","LU","FranTech Solutions","25","FranTech Solutions","51675","socks5","4902","2","2023-06-01T02:54:17.672Z","100","1872","1874"
"190.119.235.210","elite","AS12252","PE","America Movil Peru S.A.C.","174","America Movil Peru S.A.C","4153","socks4","4999","3","2023-06-01T02:54:17.271Z","87","1674","1928"
"115.127.75.27","elite","AS24342","BD","BRACNet Limited","204","bracNet","7777","socks4","4906","81","2023-06-01T02:54:17.375Z","97","1937","1988"
"183.89.116.141","elite","AS45629","TH","Triple T Broadband Public Company Limited","191","Triple T Broadband Public Company Limited","4145","socks4","5108","1","2023-06-01T02:54:17.283Z","86","1669","1950"
"95.182.78.3","elite","AS50648","UA","PE UAinet","53","PE UAinet","5678","socks4","4990","2","2023-06-01T02:54:12.771Z","99","1949","1971"
"45.7.177.234","elite","AS266626","BR","Litoral Telecom","181","Litoral Telecom","39867","socks4","5106","2","2023-06-01T02:54:12.676Z","99","1973","1992"
"37.186.5.16","elite","AS8540","AT","AMA netwoRX GmbH","32","KELAG-Karntner Elektrizitats - Aktiengesellschaft","5678","socks4","4697","2","2023-06-01T02:54:12.687Z","100","1985","1991"
"202.159.107.137","elite","AS9340","ID","PT IndoInternet","171","N/A","443","socks4","4608","1","2023-06-01T02:54:12.885Z","100","1911","1914"
"103.66.233.225","elite","AS134014","IN","NET 4 U SERVICES","198","N/A","4145","socks4","5093","2","2023-06-01T02:54:12.685Z","100","1978","1983"
"8.39.228.33","elite","AS3356","US","Level 3 Communications, Inc.","119","Level 3, LLC","39593","socks4","5198","1","2023-06-01T02:54:08.383Z","100","1986","1987"
"69.163.160.191","elite","AS26347","US","New Dream Network, LLC","188","New Dream Network, LLC","41610","socks5","5103","3","2023-06-01T02:54:08.481Z","100","1927","1927"
"80.191.169.81","elite","AS58224","IR","Information Technology Company","200","Azad University of Anar","4145","socks4","5198","2","2023-06-01T02:54:08.569Z","89","1765","1989"
"24.234.142.122","elite","AS22773","US","Cox Communications Inc.","180","Cox Communications Inc","31008","socks4","4704","2","2023-06-01T02:54:08.574Z","94","1880","1993"
"75.119.205.127","elite","AS26347","US","New Dream Network, LLC","152","New Dream Network, LLC","32238","socks4","5098","3","2023-06-01T02:54:08.487Z","100","1976","1976"
"181.114.232.59","elite","AS265714","CL","TV CABLE DEL SUR LTDA","296","TV CABLE DEL SUR EIRL","31337","socks4","4797","1","2023-06-01T02:54:08.774Z","99","1975","1985"
"202.93.229.2","elite","AS38758","ID","PT. HIPERNET INDODATA","196","Hypernet","8080","socks4","3593","1","2023-06-01T02:54:04.873Z","46","887","1935"
"103.86.198.218","elite","AS18109","BD","Nasrin Sultana t/a Maisha","197","Maisha","4153","socks4","4588","1","2023-06-01T02:54:04.478Z","99","1961","1990"
"66.42.52.194","elite","AS20473","SG","Choopa","156","N/A","49163","socks4","1988","2","2023-06-01T02:54:04.482Z","99","1930","1947"
"170.254.255.225","elite","AS52584","BR","Connect Fibra","226","Connect Fibra","45816","socks4","5006","2","2023-06-01T02:54:04.375Z","98","1893","1936"
"104.16.226.6","elite","AS13335","CA","American Registry Internet Numbers","3","American Registry Internet Numbers","80","socks4","5074","2","2023-06-01T02:54:04.578Z","100","1980","1981"
"103.209.230.193","elite","AS135115","BD","WIMS1","181","N/A","4153","socks4","4604","1","2023-06-01T02:54:04.580Z","99","1963","1985"
"178.253.200.209","elite","AS9125","RS","Orion Telekom ISP IP Network","37","N/A","1080","socks4","4593","2","2023-06-01T02:54:04.575Z","100","1970","1975"
"75.176.225.10","elite","AS11426","US","Spectrum","183","Road Runner","33150","socks4","4092","2","2023-06-01T02:54:04.572Z","96","1909","1986"
"82.97.201.52","elite","AS29076","RU","Citytelecom LLC","56","Citytelecom LLC","5678","socks4","5197","1","2023-06-01T02:54:00.668Z","99","1964","1988"
"102.64.116.97","elite","AS328500","CG","A.M.C Telecom","200","A.M.C Telecom","4145","socks4","5193","1","2023-06-01T02:54:00.381Z","98","1945","1991"
"37.44.238.2","elite","AS34534","FR","HARMONYHOSTING","83","N/A","54140","socks5","4302","4","2023-06-01T02:54:00.676Z","99","1901","1916"
"200.70.19.92","elite","AS10834","AR","Telefonica de Argentina","249","Telefonica de Argentina","4153","socks4","4787","6","2023-06-01T02:54:00.673Z","96","1896","1971"
"94.45.152.86","elite","AS210421","UA","Kievline LLC","49","LUX LITE LLC","48256","socks4","4594","2","2023-06-01T02:54:00.370Z","93","1766","1907"
"103.240.33.177","elite","AS132923","IN","Vihaan Telecommunication Pvt. Ltd.","193","Vihaan","8291","socks4","2292","1","2023-06-01T02:54:00.280Z","99","1965","1987"
"31.209.96.173","elite","AS44558","CY","Multimax Iletisim Limited","66","N/A","51688","socks4","4790","1","2023-06-01T02:54:00.286Z","100","1985","1989"
"200.70.19.94","elite","AS10834","AR","Telefonica de Argentina","236","Telefonica de Argentina","4153","socks4","3391","2","2023-06-01T02:54:00.378Z","98","1950","1989"
"185.66.59.224","elite","AS200509","ES","Solucions Valencianes i Noves Tecnologies SL","84","Svint","42647","socks4","5103","2","2023-06-01T02:54:00.276Z","100","1889","1889"
"37.152.176.95","elite","AS202468","IR","AbrArvan","91","N/A","80","socks4","5193","2","2023-06-01T02:53:56.177Z","50","953","1894"
"129.126.99.254","elite","AS17547","SG","M1 NET LTD","199","M1 NET LTD","4153","socks4","4700","1","2023-06-01T02:53:55.977Z","100","1872","1872"
"200.33.152.253","elite","AS268976","BR","Weclix Telecom S/A","298","Weclix Telecom S/A","4153","socks4","3300","2","2023-06-01T02:53:55.980Z","91","1811","1985"
"103.103.143.63","elite","AS136635","IN","G-max It Services Private Limited","194","G-max It Services Private Limited","5678","socks4","5289","2","2023-06-01T02:53:55.968Z","99","1903","1923"
"138.201.81.62","elite","AS24940","DE","Hetzner Online GmbH","94","Hetzner","30082","socks4","5003","1","2023-06-01T02:53:52.270Z","100","1948","1948"
"202.159.35.145","elite","AS9340","ID","PT IndoInternet","198","N/A","443","socks4","4903","1","2023-06-01T02:53:52.383Z","100","1948","1950"
"181.3.37.213","elite","AS7303","AR","Telecom Argentina S.A.","599","Telecom Personal Bs","1080","socks4","2506","1","2023-06-01T02:53:52.273Z","49","963","1977"
"118.173.197.241","elite","AS23969","TH","TOT Public Company Limited","167","TOT Public Company Limited","4145","socks4","4996","80","2023-06-01T02:53:52.475Z","99","1966","1992"
"89.218.5.108","elite","AS9198","KZ","JSC Kazakhtelecom","111","IP Paypoint","50733","socks4","4494","1","2023-06-01T02:53:52.184Z","97","1918","1972"
"170.254.255.254","elite","AS52584","BR","Connect Fibra","223","Connect Fibra","45816","socks4","4796","1","2023-06-01T02:53:52.084Z","98","1951","1992"
"143.0.64.145","elite","AS272006","AR","Dova SRL","396","Dova SRL","3128","socks4","5098","9","2023-06-01T02:53:52.073Z","99","1915","1927"
"192.169.244.80","elite","AS26496","US","GoDaddy.com, LLC","183","GoDaddy.com, LLC","21301","socks5","4706","1","2023-06-01T02:53:52.176Z","98","1869","1902"
"95.86.206.65","elite","AS13118","RU","Yaroslavsky Branch","99","OJSC Rostelecom","8080","socks4","4489","1","2023-06-01T02:53:48.384Z","67","1331","1994"
"176.214.78.230","elite","AS51819","RU","CJSC \"ER-Telecom Holding\" Yaroslavl' branch","55","JSC \"ER-Telecom Holding\" Yaroslavl' Branch","5678","socks4","4614","2","2023-06-01T02:53:48.474Z","100","1868","1870"
"104.16.221.57","elite","AS13335","CA","American Registry Internet Numbers","8","American Registry Internet Numbers","80","socks5","5092","1","2023-06-01T02:53:48.477Z","100","1912","1913"
"87.249.212.26","elite","AS41925","RU","IZet-Telecom Ural","66","N/A","4145","socks4","5101","3","2023-06-01T02:53:48.480Z","100","1986","1995"
"184.174.75.86","elite","AS21769","GB","Colocation America Corporation","199","North Coast Hosting","51724","socks5","5208","2","2023-06-01T02:53:44.478Z","98","1922","1959"
"174.138.176.78","elite","AS19318","US","Interserver, Inc","97","Interserver, Inc","58723","socks4","4295","1","2023-06-01T02:53:44.571Z","100","1905","1908"
"202.53.174.17","elite","AS23923","BD","Agni Systems Ltd.","300","Agni 14","1080","socks4","3606","1","2023-06-01T02:53:44.475Z","99","1909","1925"
"75.119.159.251","elite","AS51167","DE","BroadbandONE","82","ACCELERATEDBROADBAND","28210","socks5","4801","1","2023-06-01T02:53:44.776Z","100","1906","1908"
"8.42.71.5","elite","AS399869","US","Mountain Broadband","187","Level 3, LLC","39593","socks4","4300","1","2023-06-01T02:53:44.480Z","100","1986","1991"
"146.59.243.35","elite","AS16276","FR","OVH SAS","8","OVH","27445","socks4","1197","1","2023-06-01T02:53:41.268Z","100","1888","1888"
"68.183.7.47","elite","AS14061","NL","DigitalOcean, LLC","15","DigitalOcean, LLC","7497","socks5","4506","1","2023-06-01T02:53:41.178Z","100","1883","1885"
"203.210.84.171","elite","AS55699","ID","Infrastruktur STARNET","296","STARNET Services","8181","socks4","5100","1","2023-06-01T02:53:41.183Z","83","1590","1912"
"85.194.243.237","elite","AS57367","PL","ECO-ATMAN","28","ATM S.A.","31189","socks4","4797","2","2023-06-01T02:53:41.272Z","100","1993","1993"
"14.102.64.209","elite","AS18002","IN","WORLDPHONE","158","N/A","60616","socks4","2313","2","2023-06-01T02:53:41.180Z","99","1972","1993"
"177.38.5.192","elite","AS52964","BR","FÁBIO MENDES DIAS LTDA ME","290","FÁBIO MENDES DIAS LTDA ME","4153","socks4","5091","1","2023-06-01T02:53:41.186Z","99","1957","1981"
"103.107.68.13","elite","AS137292","ID","Intranusa Core Teknologi","205","N/A","5430","socks4","4003","1","2023-06-01T02:53:40.784Z","100","1982","1986"
"36.95.189.165","elite","AS7713","ID","PT. Telekomunikasi Indonesia","194","Telekomunikasi Indonesia","5678","socks4","4987","1","2023-06-01T02:53:40.878Z","84","1674","1987"
"104.129.205.94","elite","AS22616","US","ZSCALER, INC.","91","Zscaler, Inc.","54321","socks5","5195","2","2023-06-01T02:53:40.779Z","94","1836","1953"
"93.40.5.232","elite","AS12874","IT","Fastweb SpA","37","FASTWEB VULA Statico","5678","socks4","5114","2","2023-06-01T02:53:40.880Z","99","1863","1875"
"217.66.223.33","elite","AS24631","IR","Tose'h Fanavari Ertebabat Pasargad Arian Co. PJS","123","Fanaptelecom Network","5678","socks4","1999","1","2023-06-01T02:53:35.176Z","92","1815","1979"
"185.162.229.215","elite","AS209242","GB","Cloudflare London, LLC","3","Softconstruct Limited","80","socks4","5292","1","2023-06-01T02:53:34.572Z","100","1971","1973"
"71.163.238.129","elite","AS701","US","Verizon Business","89","Verizon Business","1236","socks4","4919","2","2023-06-01T02:53:34.481Z","100","1869","1871"
"38.83.108.90","elite","AS63199","US","Cogent Communications","195","CDS Global Cloud Co., Ltd","5678","socks4","4796","2","2023-06-01T02:53:34.472Z","100","1991","1991"
"200.140.83.108","elite","AS8167","BR","V tal","284","Brasil Telecom Comunicacao Multimidia S.A","6588","socks5","4895","1","2023-06-01T02:53:34.584Z","99","1878","1893"
"192.210.196.222","elite","AS36352","US","ColoCrossing","191","RackNerd LLC","10800","socks4","3696","2","2023-06-01T02:53:34.581Z","96","1860","1934"
"181.88.73.182","elite","AS7303","AR","Telecom Argentina S.A","255","Telecom Acceso","5678","socks4","800","2","2023-06-01T02:53:34.484Z","100","1972","1981"
"194.12.124.188","elite","AS35816","UA","Lancom Ltd.","85","Scientific-Industrial Enterprise \"Myst\" LLC","3629","socks4","4996","1","2023-06-01T02:53:34.569Z","98","1840","1874"
"83.136.176.72","elite","AS209581","ES","Wicat","103","GUARICO CONSTRUMAT, S.L","4145","socks4","4913","1","2023-06-01T02:53:34.575Z","99","1874","1884"
"159.65.242.254","elite","AS14061","US","DigitalOcean, LLC","84","Digital Ocean","7497","socks5","623","1","2023-06-01T02:53:34.577Z","95","1865","1959"
"123.200.9.30","elite","AS23688","BD","Link3 Technologies Limited","189","Corporate Subscriber","5678","socks4","4799","85","2023-06-01T02:53:30.873Z","96","1922","1992"
"38.127.173.253","elite","AS174","US","Cogent Communications","81","Torlandia Trading SRL","11537","socks5","4714","4","2023-06-01T02:53:30.877Z","100","1932","1936"
"103.229.85.54","elite","AS133443","BD","Ashfakur Rahman Chowdhury t/a Comilla Online","174","N/A","4145","socks4","4110","1","2023-06-01T02:53:30.581Z","98","1941","1976"
"197.157.254.34","elite","AS37451","CG","Congo Telecom","159","N/A","4145","socks4","4700","1","2023-06-01T02:53:30.578Z","98","1944","1989"
"208.113.153.30","elite","AS26347","US","New Dream Network, LLC","82","New Dream Network, LLC","46293","socks5","4104","1","2023-06-01T02:53:30.571Z","100","1948","1950"
"81.12.104.36","elite","AS42337","IR","Respina Networks & Beyond PJSC","92","Respina Networks","3629","socks4","5173","89","2023-06-01T02:53:30.485Z","99","1954","1982"
"85.92.165.225","elite","AS199335","GB","Talk Straight Ltd.","15","N/A","4145","socks4","3706","1","2023-06-01T02:53:26.582Z","100","1987","1989"
"43.240.113.88","elite","AS38794","TH","United Information Highway Co., Ltd.","184","United Information Highway Co., Ltd","46755","socks4","4303","1","2023-06-01T02:53:26.875Z","98","1876","1917"
"176.236.14.2","elite","AS34984","TR","Superonline Iletisim Hizmetleri A.S.","81","Superonline Iletisim Hizmetleri","4153","socks4","5105","84","2023-06-01T02:53:26.585Z","100","1975","1981"
"101.51.104.215","elite","AS23969","TH","TOT Public Company Limited","157","TOT Public Company Limited","4145","socks4","4891","1","2023-06-01T02:53:26.672Z","70","1372","1964"
"50.96.204.51","elite","AS7029","US","Windstream Communications LLC","191","Windstream Communications LLC","18351","socks4","2306","1","2023-06-01T02:53:26.675Z","100","1959","1968"
"176.57.189.116","elite","AS51167","DE","Contabo GmbH","15","Contabo GmbH","10898","socks4","4214","1","2023-06-01T02:53:22.573Z","100","1952","1952"
"103.79.96.141","elite","AS64308","ID","PT IndoDev Niaga Internet","210","PT IndoDev Niaga Internet","4153","socks4","4609","1","2023-06-01T02:53:22.771Z","100","1971","1975"
"89.237.32.66","elite","AS20485","RU","multi-origin SUTTK","79","N/A","51549","socks4","4886","2","2023-06-01T02:53:22.583Z","100","1961","1970"
"186.251.255.17","elite","AS267513","BR","Seanet Telecom Carazinho Eireli","219","Seanet Telecom Carazinho Eireli","31337","socks4","4388","1","2023-06-01T02:53:22.579Z","99","1967","1983"
"103.199.157.137","elite","AS134318","IN","city broadband network pvt.ltd","190","N/A","41610","socks4","4994","1","2023-06-01T02:53:19.072Z","100","1882","1886"
"117.102.72.114","elite","AS17451","ID","Biznet Networks","182","Prepaid","4153","socks4","4601","5","2023-06-01T02:53:18.769Z","98","1953","1993"
"49.48.142.127","elite","AS45629","TH","Triple T Broadband Public Company Limited","195","Triple T Broadband Public Company Limited","8080","socks4","5103","2","2023-06-01T02:53:18.984Z","98","1831","1873"
"103.70.159.131","elite","AS133720","IN","speednet","187","N/A","5678","socks4","4711","84","2023-06-01T02:53:18.575Z","99","1927","1941"
"14.207.117.32","elite","AS45629","TH","Triple T Broadband Public Company Limited","180","Triple T Broadband Public Company Limited","4153","socks4","1006","1","2023-06-01T02:53:18.581Z","96","1878","1956"
"36.89.17.227","elite","AS7713","ID","PT. Telekomunikasi Indonesia","217","Telekomunikasi Indonesia","1080","socks4","3402","1","2023-06-01T02:53:18.671Z","98","1948","1983"
"186.67.177.125","elite","AS27651","CL","Entel Chile S.A.","247","Entel Chile S.A","5678","socks4","4398","2","2023-06-01T02:53:18.772Z","99","1967","1988"
"200.0.247.242","elite","AS10834","AR","Telefonica de Argentina","299","Smart S.A","5678","socks4","4197","1","2023-06-01T02:53:18.686Z","87","1729","1992"
"119.18.152.139","elite","AS55685","ID","PT. Jala Lintas Media","201","N/A","4145","socks4","4899","1","2023-06-01T02:53:18.675Z","99","1969","1989"
"84.53.247.204","elite","AS34168","RU","Elcom ISP","84","OJSC Rostelecom","53281","socks4","3504","1","2023-06-01T02:53:18.668Z","99","1868","1882"
"216.105.130.33","elite","AS20081","US","NET2ATLANTA.COM LLC","105","NET2ATLANTA.COM LLC","39593","socks4","3409","2","2023-06-01T02:53:14.868Z","100","1982","1987"
"103.112.253.218","elite","AS137139","IN","Cybernet Introtech Private Limited","374","Cybernet Introtech Private Limited","5678","socks4","4205","1","2023-06-01T02:53:14.785Z","71","1361","1912"
"212.42.99.22","elite","AS8449","KG","ELCAT","109","ElCat, Ltd.","4145","socks4","4495","2","2023-06-01T02:53:14.480Z","91","1811","1987"
"170.81.108.46","elite","AS266416","BR","L3 NETWORKS E TELECOMUNICACOES LTDA","213","L3 NETWORKS E TELECOMUNICACOES LTDA","4153","socks4","4612","2","2023-06-01T02:53:14.667Z","100","1908","1914"
"31.206.38.49","elite","AS15924","TR","Vodafone NET Iletisim Hizmetleri Anonim Sirketi","82","Vfnet Data Support","37630","socks4","993","1","2023-06-01T02:53:10.578Z","100","1962","1971"
"46.98.184.203","elite","AS15377","UA","ISP \"Fregat\"","65","N/A","5678","socks4","4591","1","2023-06-01T02:53:10.570Z","43","827","1928"
"173.212.221.21","elite","AS51167","DE","Contabo GmbH","19","Contabo GmbH","27075","socks4","4897","1","2023-06-01T02:53:10.775Z","100","1948","1949"
"197.234.13.82","elite","AS36902","SC","Intelvision","171","Intelvision Ltd","4145","socks4","4404","1","2023-06-01T02:53:10.575Z","99","1932","1943"
"182.253.158.181","elite","AS17451","ID","BIZNET","174","N/A","5678","socks4","4684","1","2023-06-01T02:53:06.983Z","99","1849","1872"
"177.124.225.73","elite","AS17222","BR","Mundivox Do Brasil Ltda","197","Mundivox Do Brasil Ltda","1080","socks4","4896","1","2023-06-01T02:53:06.772Z","96","1842","1911"
"177.136.124.45","elite","AS28186","BR","ITS TELECOMUNICACOES LTDA","194","ITS TELECOMUNICACOES LTDA","56113","socks4","4698","1","2023-06-01T02:53:06.781Z","97","1927","1987"
"154.197.128.161","elite","AS135097","HK","LUOGELANG (FRANCE) LIMITED","192","Shenzhen Jizhan Technology Co., Ltd.","3128","socks5","4801","93","2023-06-01T02:53:06.768Z","99","1869","1884"
"179.107.52.126","elite","AS263284","BR","Topmega Internet e Informática LTDA -ME","294","Topmega Internet e Informática LTDA -ME","4153","socks4","4799","1","2023-06-01T02:53:06.683Z","82","1601","1947"
"45.196.151.134","elite","AS7018","US","AT&T Services","89","AQUA Networks Limited","5432","socks4","5093","2","2023-06-01T02:53:06.669Z","97","1859","1924"
"46.23.155.18","elite","AS43314","RU","DIANET address","103","N/A","62638","socks4","5099","2","2023-06-01T02:53:06.977Z","91","1803","1986"
"185.158.114.235","elite","AS44812","RU","IpServer","52","IT Expert LLC","25710","socks4","1108","1","2023-06-01T02:53:06.686Z","99","1938","1953"
"37.131.165.19","elite","AS35745","PL","KSU Provector Network","65","N/A","59341","socks4","4699","1","2023-06-01T02:53:06.779Z","100","1883","1883"
"188.165.196.197","elite","AS16276","FR","OVH SAS","7","OVH ISP","56691","socks5","5099","1","2023-06-01T02:53:06.980Z","99","1950","1973"
"170.254.255.226","elite","AS52584","BR","Connect Fibra","222","Connect Fibra","45816","socks4","4909","2","2023-06-01T02:53:02.574Z","97","1909","1960"
"217.66.223.73","elite","AS24631","IR","Tose'h Fanavari Ertebabat Pasargad Arian Co. PJS","189","Fanaptelecom Network","5678","socks4","3911","82","2023-06-01T02:53:02.583Z","87","1714","1981"
"177.128.44.126","elite","AS262605","BR","BRASIL TECNOLOGIA E PARTICIPACOES S/A","286","BRASIL TECNOLOGIA E PARTICIPACOES S/A","31337","socks4","4995","2","2023-06-01T02:53:02.579Z","100","1976","1981"
"31.41.217.84","elite","AS42655","UA","ON-LINE Ltd","98","Besthosting","9050","socks4","1100","80","2023-06-01T02:53:02.675Z","100","1926","1926"
"103.81.117.122","elite","AS135851","IN","Excogitate Technologies Pvt. Ltd","182","Excogitate Technologies Pvt Ltd","4153","socks4","4304","1","2023-06-01T02:53:02.682Z","98","1952","1987"
"43.229.252.73","elite","AS138841","ID","PT Media Andalan Nusa","192","N/A","5678","socks4","4685","1","2023-06-01T02:53:02.588Z","54","1026","1893"
"66.33.213.95","elite","AS26347","US","New Dream Network, LLC","89","New Dream Network, LLC","6285","socks4","5012","1","2023-06-01T02:52:58.394Z","100","1979","1986"
"78.84.136.235","elite","AS12578","LV","LATTELEKOM","51","N/A","4145","socks4","1885","4","2023-06-01T02:52:58.387Z","83","1641","1988"
"64.225.28.168","elite","AS14061","US","DigitalOcean, LLC","81","DigitalOcean, LLC","38461","socks4","4695","2","2023-06-01T02:52:58.884Z","100","1890","1893"
"202.124.46.65","elite","AS9902","KH","NeocomISP Limited","194","NeocomISP Limited","4145","socks4","4794","86","2023-06-01T02:52:58.270Z","100","1981","1989"
"50.63.165.245","elite","AS398101","US","GoDaddy.com, LLC","199","GoDaddy.com, LLC","22945","socks4","5005","1","2023-06-01T02:52:58.978Z","98","1832","1870"
"185.139.56.133","elite","AS203301","GE","ge.datacenter","103","N/A","4145","socks4","2997","1","2023-06-01T02:52:58.275Z","95","1888","1986"
"170.80.91.7","elite","AS264820","CR","Corebases S.A","159","Corebases S.A","4145","socks4","5096","1","2023-06-01T02:52:58.377Z","100","1984","1987"
"201.184.63.218","elite","AS13489","CO","EPM Telecomunicaciones S.A. E.S.P.","189","EPM Telecomunicaciones S.A. E.S.P","8080","socks4","4609","2","2023-06-01T02:52:54.280Z","95","1835","1922"
"195.123.221.1","elite","AS21100","NL","ITL LLC","94","Green Floid LLC","14186","socks5","4889","1","2023-06-01T02:52:54.170Z","99","1926","1936"
"173.195.27.132","elite","AS11976","US","Fidelity Communication International Inc.","120","Fidelity Communication International Inc.","10091","socks4","2297","1","2023-06-01T02:52:54.072Z","100","1969","1969"
"103.70.204.1","elite","AS135712","IN","Euron Communications Pvt. Ltd","286","Euron Communications Pvt. Ltd.","59311","socks4","4484","2","2023-06-01T02:52:54.082Z","99","1917","1933"
"82.103.116.126","elite","AS8717","BG","A1 Bulgaria EAD","79","A1 Bulgaria EAD","4153","socks4","4885","3","2023-06-01T02:52:54.069Z","100","1979","1984"
"202.159.35.177","elite","AS9340","ID","PT IndoInternet","200","N/A","443","socks4","4314","1","2023-06-01T02:52:54.173Z","100","1969","1973"
"41.76.86.202","elite","AS37209","NG","Hyperia Limited","135","HYP PHC","5678","socks4","5098","4","2023-06-01T02:52:48.071Z","63","1250","1974"
"177.73.30.155","elite","AS52685","BR","Conectnet Telecomunicações Ltda.","294","Conectnet Telecomunicações Ltda","4145","socks4","4998","1","2023-06-01T02:52:47.279Z","67","1331","1984"
"80.75.3.98","elite","AS25184","IR","Afranet","123","Petro Sakht Chehelsoton","5678","socks4","4808","2","2023-06-01T02:52:47.271Z","99","1916","1931"
"157.230.225.87","elite","AS14061","US","DigitalOcean, LLC","93","DigitalOcean, LLC","42412","socks4","4995","5","2023-06-01T02:52:47.185Z","100","1985","1992"
"213.149.103.133","elite","AS8585","ME","Crnogorski Telekom a.d.Podgorica","99","T ComServeri","61859","socks5","5093","1","2023-06-01T02:52:47.968Z","100","1983","1991"
"45.132.103.14","elite","AS42864","HU","Giganet Internet Szolgaltato Kft","72","KWN Kft","4153","socks4","4798","2","2023-06-01T02:52:43.575Z","99","1962","1986"
"37.235.31.27","elite","AS206065","IR","Farabord Dadeh Haye Iranian Co.","196","N/A","9091","socks5","5008","1","2023-06-01T02:52:43.467Z","95","1782","1871"
"197.234.13.34","elite","AS36902","SC","Intelvision","179","Intelvision Ltd","4145","socks4","803","3","2023-06-01T02:52:43.179Z","99","1980","1990"
"223.165.243.161","elite","AS38661","KR","abcle","288","HiLine Internet Service Inc.","47205","socks4","5003","1","2023-06-01T02:52:43.270Z","99","1949","1971"
"101.51.104.138","elite","AS23969","TH","TOT Public Company Limited","193","TOT Public Company Limited","4145","socks4","5111","2","2023-06-01T02:52:39.179Z","63","1205","1898"
"103.59.203.145","elite","AS134014","IN","NET 4 U SERVICES PVT LTD","197","NET 4 U Services PVT LTD","4145","socks4","3398","2","2023-06-01T02:52:39.075Z","99","1948","1960"
"200.0.247.84","elite","AS10834","AR","Telefonica de Argentina","234","Smart S.A","4153","socks4","4397","1","2023-06-01T02:52:39.171Z","99","1972","1985"
"101.51.104.21","elite","AS23969","TH","TOT Public Company Limited","196","TOT Public Company Limited","4145","socks4","4905","2","2023-06-01T02:52:39.176Z","52","1016","1947"
"177.55.247.181","elite","AS262532","BR","VAS Freitas Servicos de Internet Ltda","168","NET ONDA SERVICOS DE INTERNET LTDA","5678","socks4","4500","1","2023-06-01T02:52:39.174Z","96","1918","1989"
"89.144.35.215","elite","AS197549","DE","GHOSTnet GmbH","11","cloud-interactive.de","17086","socks5","5203","2","2023-06-01T02:52:35.280Z","98","1826","1871"
"179.107.51.95","elite","AS263284","BR","Topmega Internet e Informática LTDA -ME","228","Topmega Internet e Informática LTDA -ME","4153","socks4","5199","2","2023-06-01T02:52:35.288Z","65","1215","1882"
"51.77.116.174","elite","AS16276","GB","OVH SAS","9","OVH Ltd","28046","socks5","5007","1","2023-06-01T02:52:35.376Z","100","1931","1931"
"157.185.176.44","elite","AS54994","US","Meteverse Limited.","97","Meteverse Limited","26589","socks5","5298","1","2023-06-01T02:52:34.979Z","100","1857","1865"
"66.33.212.161","elite","AS26347","US","New Dream Network, LLC","91","New Dream Network, LLC","15891","socks4","5003","2","2023-06-01T02:52:34.970Z","100","1966","1972"
"172.67.181.234","elite","AS13335","CA","Cloudflare, Inc.","81","Cloudflare, Inc.","80","socks4","5097","2","2023-06-01T02:52:34.984Z","100","1870","1870"
"104.19.235.10","elite","AS13335","CA","American Registry Internet Numbers","2","American Registry Internet Numbers","80","socks5","4793","3","2023-06-01T02:52:34.886Z","100","1880","1880"
"75.119.206.134","elite","AS26347","US","New Dream Network, LLC","152","New Dream Network, LLC","32524","socks5","5005","2","2023-06-01T02:52:34.975Z","100","1965","1966"
"103.77.226.1","elite","AS64298","ID","UPN Veteran Surabaya","199","UPN Veteran Surabaya","4153","socks4","4407","2","2023-06-01T02:52:30.672Z","88","1745","1990"
"116.58.232.126","elite","AS131090","TH","CAT-BB","199","N/A","4145","socks4","5007","1","2023-06-01T02:52:30.375Z","62","1213","1952"
"185.162.231.226","elite","AS209242","GB","Cloudflare London, LLC","83","Softconstruct Limited","80","socks5","3400","1","2023-06-01T02:52:30.368Z","100","1886","1886"
"103.212.93.225","elite","AS138312","IN","Best Telnet Services Private Limited","113","Best telnet services private limited","45639","socks4","5101","2","2023-06-01T02:52:30.587Z","99","1970","1987"
"211.174.105.26","elite","AS4766","KR","Korea Telecom","296","Netropy","4153","socks4","4191","1","2023-06-01T02:52:30.584Z","100","1980","1989"
"177.241.250.250","elite","AS13999","MX","Mega Cable, S.A. de C.V.","181","Mega Cable, S.A. de C.V","5678","socks4","4807","1","2023-06-01T02:52:26.169Z","99","1973","1992"
"170.130.55.153","elite","AS62904","US","Eonix Corporation","194","servinga GmbH","5001","socks5","4587","1","2023-06-01T02:52:26.479Z","99","1918","1928"
"80.242.34.242","elite","AS44234","SK","GAYA","30","Business services","80","socks4","2202","2","2023-06-01T02:52:26.072Z","100","1917","1917"
"50.47.75.216","elite","AS20055","US","Wholesail networks LLC","198","Ziply Fiber","5678","socks4","4904","85","2023-06-01T02:52:26.381Z","96","1865","1949"
"50.234.24.129","elite","AS7922","US","Comcast Cable Communications, LLC","89","Comcast Cable Communications, LLC","32100","socks4","4478","1","2023-06-01T02:52:26.084Z","100","1958","1958"
"51.81.31.169","elite","AS16276","US","OVH SAS","82","OVH US LLC","4485","socks4","5004","2","2023-06-01T02:52:26.384Z","100","1991","1991"
"43.153.29.34","elite","AS132203","US","Shenzhen Tencent Computer Systems Company Limited","152","Tencent Cloud Computing","443","socks5","4907","1","2023-06-01T02:52:26.387Z","58","1134","1945"
"178.212.48.84","elite","AS197025","PL","Lubuskie Sieci Swiatlowodowe Sp. z o. o.","32","Lubuskie Sieci Swiatlowodowe Sp. z o. o","1080","socks4","4587","83","2023-06-01T02:52:21.571Z","100","1989","1991"
"194.6.233.122","elite","AS33927","UA","Ukrmirkom LTD","100","Specavtomatica Ltd","3629","socks4","4993","2","2023-06-01T02:52:21.574Z","97","1873","1927"
"60.48.191.51","elite","AS4788","MY","Tmnet, Telekom Malaysia Bhd.","188","Adsl Streamyx","8080","socks5","3296","2","2023-06-01T02:52:21.583Z","84","1644","1948"
"37.75.112.35","elite","AS8926","MD","JSC \"Moldtelecom\" S.A.","57","JSC Moldtelecom S.A.","4153","socks4","4695","2","2023-06-01T02:52:17.784Z","98","1939","1987"
"103.205.128.41","elite","AS134850","IN","WAY 2 INTERNET PRIVATE LIMITED","196","WAY 2 Internet Private Limited","4145","socks4","3494","1","2023-06-01T02:52:17.579Z","99","1975","1989"
"155.93.255.137","elite","AS37680","ZA","CISPIPCT1","197","N/A","4153","socks4","3498","1","2023-06-01T02:52:17.581Z","99","1966","1988"
"186.251.255.249","elite","AS267513","BR","Seanet Telecom Carazinho Eireli","215","Seanet Telecom Carazinho Eireli","31337","socks4","4493","1","2023-06-01T02:52:17.571Z","98","1924","1957"
"91.191.62.42","elite","AS35567","HR","DASTO semtel d.o.o.","83","Zona Kraljica","5678","socks4","4696","1","2023-06-01T02:52:17.788Z","96","1875","1950"
"62.73.127.98","elite","AS8866","BG","Vivacom Bulgaria EAD","97","ET Velin Nikolov Minchev","10801","socks4","4693","2","2023-06-01T02:52:14.168Z","100","1980","1987"
"47.254.241.21","elite","AS45102","MY","Alibaba (US) Technology Co., Ltd.","157","Alibaba.com LLC","21491","socks4","4194","1","2023-06-01T02:52:13.883Z","85","1624","1909"
"89.191.237.89","elite","AS12389","RU","PJSC Rostelecom","48","PJSC Rostelecom","5678","socks4","4898","5","2023-06-01T02:52:13.971Z","100","1897","1899"
"51.91.20.19","elite","AS16276","FR","OVH SAS","6","OVH","21907","socks5","3595","1","2023-06-01T02:52:10.385Z","100","1889","1889"
"37.193.227.108","elite","AS31200","RU","Novotelecom Ltd","102","Novotelecom ltd.","1080","socks5","3889","1","2023-06-01T02:52:09.877Z","70","1367","1966"
"45.7.177.235","elite","AS266626","BR","Litoral Telecom","181","Litoral Telecom","39867","socks4","4180","1","2023-06-01T02:52:09.870Z","99","1969","1986"
"2.138.19.228","elite","AS3352","ES","RIMA (Red IP Multi Acceso)","104","N/A","3128","socks4","4892","1","2023-06-01T02:52:09.973Z","98","1882","1927"
"45.7.177.181","elite","AS266626","BR","Litoral Telecom","190","Litoral Telecom","39867","socks4","2807","1","2023-06-01T02:52:09.968Z","98","1945","1990"
"177.72.113.237","elite","AS262558","BR","Prompt Brasil Solucoes EM TI Ltda","200","Prompt Brasil Solucoes EM TI Ltda","31164","socks4","5098","86","2023-06-01T02:52:09.975Z","99","1946","1968"
"49.49.91.24","elite","AS45629","TH","Triple T Broadband Public Company Limited","176","Triple T Broadband Public Company Limited","5678","socks4","2790","2","2023-06-01T02:52:05.768Z","98","1932","1966"
"168.205.218.26","elite","AS264869","BR","SPEED MAX TELECOMUNICAÇÕES LTDA ME","297","SPEED MAX TELECOMUNICAÇÕES LTDA ME","4145","socks4","4807","1","2023-06-01T02:52:05.771Z","78","1509","1942"
"104.16.72.45","elite","AS13335","US","American Registry Internet Numbers","9","American Registry Internet Numbers","80","socks4","4986","2","2023-06-01T02:52:05.679Z","100","1875","1875"
"170.80.91.14","elite","AS264820","CR","Corebases S.A","187","Corebases S.A","4145","socks4","5096","2","2023-06-01T02:52:05.779Z","99","1951","1969"
"187.73.55.66","elite","AS262668","BR","Mar Provedor de Internet Ltda","296","Mar Provedor de Internet Ltda","5678","socks4","4692","1","2023-06-01T02:52:05.980Z","66","1238","1873"
"37.99.224.225","elite","AS48500","IT","INC-LOW","34","N/A","7497","socks5","4287","2","2023-06-01T02:52:05.983Z","99","1923","1941"
"37.131.164.39","elite","AS35745","PL","KSU Provector Network","49","N/A","59341","socks4","4182","1","2023-06-01T02:52:05.776Z","100","1987","1988"
"211.201.161.125","elite","AS9318","KR","SK Broadband Co Ltd","266","broadNnet","1080","socks4","4900","1","2023-06-01T02:52:05.785Z","100","1888","1892"
"217.66.223.236","elite","AS24631","IR","Tose'h Fanavari Ertebabat Pasargad Arian Co. PJS","130","Fanaptelecom Network","5678","socks4","2596","1","2023-06-01T02:52:00.268Z","91","1796","1972"
"144.48.178.62","elite","AS134254","IN","Shah Infinite Solutions Pvt. Ltd.","197","Rute","83","socks4","5098","1","2023-06-01T02:52:00.472Z","99","1977","1989"
"80.78.23.20","elite","AS39287","SE","ab stract","22","ab stract","80","socks4","4907","1","2023-06-01T02:52:00.468Z","85","1674","1977"
"45.77.39.10","elite","AS20473","SG","The Constant Company","196","Vultr Holdings, LLC","52644","socks4","5097","1","2023-06-01T02:51:58.678Z","50","992","1972"
"45.70.237.143","elite","AS264668","EC","Nedetel S.A.","168","Nedetel S.A","4145","socks4","4610","1","2023-06-01T02:51:58.770Z","99","1939","1954"
"185.243.126.53","elite","AS59959","CZ","SferiaNET.cz s.r.o.","32","Sferia","4191","socks4","4906","2","2023-06-01T02:51:58.784Z","100","1862","1866"
"103.53.110.45","elite","AS133970","IN","Tycoon Computers Pvt. Ltd.","184","Tycoon Computers Pvt. Ltd.","10801","socks4","4790","1","2023-06-01T02:51:58.773Z","98","1923","1953"
"35.190.107.16","elite","AS15169","US","Google LLC","4","Google LLC","30000","socks4","5094","1","2023-06-01T02:51:54.670Z","100","1915","1915"
"172.65.165.93","elite","AS13335","CA","Cloudflare, Inc.","3","Cloudflare, Inc.","30000","socks4","5013","1","2023-06-01T02:51:54.872Z","100","1911","1912"
"203.150.136.34","elite","AS45752","TH","Internet Thailand Company Ltd","189","INEXT Broadband Company Limited","3629","socks4","3904","1","2023-06-01T02:51:54.868Z","97","1934","1988"
"128.199.208.93","elite","AS14061","SG","DigitalOcean, LLC","160","DigitalOcean, LLC","64015","socks4","4896","1","2023-06-01T02:51:54.578Z","59","1157","1946"
"180.178.189.38","elite","AS9387","PK","Orient Express LDI Limited","181","Telecom Services","8080","socks4","5003","1","2023-06-01T02:51:50.684Z","85","1685","1990"
"185.56.246.76","elite","AS41026","PL","KOPnet S.C. Marek Szczudlo Juliusz Kostrzewski","38","Kopnet","8291","socks4","2688","1","2023-06-01T02:51:50.381Z","99","1978","1989"
"203.24.102.150","elite","AS209242","VG","Cloudflare London, LLC","2","Anaga Consulting Limited","80","socks4","3992","1","2023-06-01T02:51:50.468Z","100","1890","1890"
"38.127.179.34","elite","AS174","US","Cogent Communications","82","Torlandia Trading SRL","11537","socks5","4898","1","2023-06-01T02:51:50.681Z","100","1931","1933"
"185.22.31.227","elite","AS50810","IR","Mobin Net Communication Company (Private Joint Stock)","128","Mobin Net Communication Company (Private Joint Stock)","4153","socks4","1702","2","2023-06-01T02:51:50.474Z","98","1946","1990"
"138.36.150.14","elite","AS263729","AR","Pedraza Luis Eduardo","293","Pedraza Luis Eduardo","1080","socks4","5002","1","2023-06-01T02:51:50.384Z","100","1872","1878"
"177.136.34.26","elite","AS52871","BR","TASCOM TELECOMUNICAÇÕES LTDA","191","Litel De Almeida Hipolito Junior","4153","socks4","5088","1","2023-06-01T02:51:50.678Z","99","1975","1993"
"41.190.232.52","elite","AS37638","CD","ORIONCOM-SAT","151","N/A","36926","socks4","4693","2","2023-06-01T02:51:50.477Z","99","1950","1977"
"172.67.206.105","elite","AS13335","CA","Cloudflare, Inc.","2","Cloudflare, Inc.","80","socks4","5008","86","2023-06-01T02:51:50.471Z","100","1902","1904"
"58.65.167.165","elite","AS23674","PK","Nayatel (Pvt) Ltd","184","Micronet","4145","socks4","4900","1","2023-06-01T02:51:46.270Z","100","1969","1977"
"43.132.247.227","elite","AS132203","HK","Shenzhen Tencent Computer Systems Company Limited","292","Tencent Cloud Computing","11038","socks5","5101","1","2023-06-01T02:51:46.573Z","99","1944","1955"
"89.144.27.220","elite","AS197549","DE","GHOSTnet GmbH","13","cloud-interactive.de","13800","socks4","5093","3","2023-06-01T02:51:46.570Z","98","1829","1875"
"36.255.104.9","elite","AS136238","MV","SatLink Pvt Ltd","186","N/A","1080","socks4","5091","1","2023-06-01T02:51:46.279Z","100","1982","1988"
"103.51.44.253","elite","AS133819","ID","CIM","196","N/A","4145","socks4","5109","2","2023-06-01T02:51:42.369Z","99","1967","1980"
"104.20.89.77","elite","AS13335","CA","American Registry Internet Numbers","2","American Registry Internet Numbers","80","socks4","4994","1","2023-06-01T02:51:42.287Z","100","1987","1987"
"191.241.145.23","elite","AS262784","BR","SATURNO COMUNICAÇÕES LTDA","218","SATURNO COMUNICAÇÕES LTDA","4153","socks5","4597","2","2023-06-01T02:51:42.280Z","98","1846","1878"
"178.254.18.11","elite","AS42730","DE","BLU-VH","12","1blu AG","57335","socks5","1095","1","2023-06-01T02:51:42.586Z","98","1938","1974"
"104.23.141.196","elite","AS13335","CA","American Registry Internet Numbers","3","American Registry Internet Numbers","80","socks4","4600","1","2023-06-01T02:51:38.071Z","100","1967","1967"
"142.93.109.23","elite","AS14061","DE","DigitalOcean, LLC","98","DigitalOcean, LLC","58334","socks5","5197","1","2023-06-01T02:51:38.274Z","93","1858","1990"
"103.196.136.158","elite","AS134707","PH","Royal Cablevision Corp.","289","Royal Cablevision Corp","7497","socks5","5094","1","2023-06-01T02:51:38.370Z","97","1881","1948"
"103.204.54.50","elite","AS59165","IN","RB5","198","N/A","1080","socks4","4896","1","2023-06-01T02:51:37.985Z","99","1960","1989"
"134.236.118.74","elite","AS131090","TH","CAT-BB","167","N/A","4145","socks4","4797","1","2023-06-01T02:51:37.988Z","45","890","1958"
"181.3.51.47","elite","AS7303","AR","Telecom Argentina S.A.","887","Telecom Personal Bs","1080","socks5","4687","2","2023-06-01T02:51:37.883Z","52","1012","1959"
"180.241.158.221","elite","AS7713","ID","PT. TELKOM INDONESIA","196","N/A","8085","socks4","5009","2","2023-06-01T02:51:37.980Z","85","1664","1951"
"88.255.217.12","elite","AS9121","TR","TurkTelekom","73","N/A","1080","socks4","5100","80","2023-06-01T02:51:34.073Z","23","452","1991"
"147.182.203.142","elite","AS14061","US","DigitalOcean, LLC","153","DigitalOcean, LLC","12345","socks5","4797","1","2023-06-01T02:51:34.080Z","94","1791","1904"
"31.206.38.50","elite","AS15924","TR","Vodafone NET Iletisim Hizmetleri Anonim Sirketi","100","Vfnet Data Support","37630","socks4","4696","1","2023-06-01T02:51:34.083Z","100","1977","1985"
"45.14.174.148","elite","AS209242","DE","CloudKleyer","2","N/A","80","socks4","4905","1","2023-06-01T02:51:33.770Z","100","1987","1987"
"101.51.105.12","elite","AS23969","TH","TOT Public Company Limited","190","TOT Public Company Limited","4145","socks4","4889","1","2023-06-01T02:51:33.871Z","59","1154","1967"
"210.2.149.91","elite","AS23966","PK","LINKdotNET Telecom Limited","129","Dancom ISB","5678","socks4","4391","4","2023-06-01T02:51:33.869Z","96","1847","1930"
"168.227.158.5","elite","AS52898","BR","Multipla Serviços Inteligentes","203","Multipla Serviços Inteligentes","4145","socks4","2715","1","2023-06-01T02:51:33.773Z","99","1968","1981"
"203.24.108.194","elite","AS209242","CY","Cloudflare London, LLC","3","Lachtaristo Holdings Limited","80","socks4","4791","1","2023-06-01T02:51:33.776Z","100","1870","1870"
"5.188.4.110","elite","AS202422","BR","G-Core Labs S.A","281","GCL","80","socks4","4208","1","2023-06-01T02:51:29.569Z","76","1506","1983"
"103.117.108.89","elite","AS137935","BD","I Link Internet Service (I.T)","192","I Link Internet Service (I.T)","4153","socks4","4986","1","2023-06-01T02:51:29.195Z","98","1898","1933"
"46.4.73.88","elite","AS24940","DE","Hetzner Online GmbH","27","Hetzner","20309","socks4","5004","84","2023-06-01T02:51:29.187Z","88","1726","1971"
"45.112.3.209","elite","AS134000","IN","Gbps Networks Private Limited","198","Gbps Networks Pvt. Ltd.","4145","socks4","4803","1","2023-06-01T02:51:29.071Z","100","1978","1987"
"38.127.179.230","elite","AS174","US","Cogent Communications","82","Torlandia Trading SRL","46656","socks4","4998","1","2023-06-01T02:51:29.482Z","100","1919","1920"
"36.92.25.98","elite","AS7713","ID","PT. Telekomunikasi Indonesia","199","Telekomunikasi Indonesia","5678","socks4","2204","1","2023-06-01T02:51:29.075Z","99","1955","1974"
"189.220.227.6","elite","AS28509","MX","Cablemas Telecomunicaciones SA de CV","196","Cablemas Telecomunicaciones SA de CV","5678","socks4","4994","1","2023-06-01T02:51:29.478Z","92","1835","1991"
"103.86.199.87","elite","AS18109","BD","Nasrin Sultana t/a Maisha","175","N/A","4153","socks4","5185","3","2023-06-01T02:51:28.988Z","99","1957","1983"
"124.41.211.180","elite","AS17501","NP","WorldLink Communications","288","Wlink Static ENT KTM V1128","50405","socks4","4114","84","2023-06-01T02:51:24.673Z","98","1909","1953"
"178.245.146.161","elite","AS16135","TR","Turkcell Internet","274","N/A","3128","socks5","3298","1","2023-06-01T02:51:24.670Z","22","409","1902"
"1.10.238.200","elite","AS23969","TH","TOT Public Company Limited","155","TOT Public Company Limited","4145","socks4","5090","1","2023-06-01T02:51:24.680Z","48","908","1911"
"176.9.0.48","elite","AS24940","DE","Hetzner Online GmbH","27","Hetzner","30942","socks4","4897","2","2023-06-01T02:51:24.678Z","93","1824","1965"
"186.47.82.62","elite","AS28006","EC","Corporacion Nacional De Telecomunicaciones - CNT EP","191","Corporacion Nacional De Telecomunicaciones - CNT EP","53523","socks4","5014","1","2023-06-01T02:51:24.885Z","98","1908","1954"
"45.70.206.33","elite","AS267586","BR","Rafael Pierre Barbosa - Me","188","Rafael Pierre Barbosa - Me","4145","socks4","5113","1","2023-06-01T02:51:24.675Z","100","1973","1978"
"1.20.220.79","elite","AS23969","TH","TOT Public Company Limited","193","TOT Mobile Co LTD","4145","socks4","4901","1","2023-06-01T02:51:21.075Z","85","1684","1988"
"118.172.47.97","elite","AS23969","TH","TOT Public Company Limited","199","TOT Public Company Limited","51327","socks4","4791","1","2023-06-01T02:51:20.983Z","99","1978","1988"
"185.25.119.15","elite","AS200000","UA","Hosting Ukraine LTD","43","new Hosting","13959","socks5","4800","1","2023-06-01T02:51:20.975Z","94","1788","1910"
"150.230.62.147","elite","AS31898","JP","Oracle Corporation","290","Oracle Cloud Infrastructure (ap-osaka-1)","2080","socks5","4685","4","2023-06-01T02:51:20.881Z","47","929","1987"
"190.120.249.149","elite","AS264628","VE","CORPORACION FIBEX TELECOM, C.A.","180","CORPORACION FIBEX TELECOM, C.A","4145","socks4","5008","2","2023-06-01T02:51:20.986Z","100","1980","1989"
"36.37.104.98","elite","AS4800","ID","LINTASARTA","288","N/A","34040","socks4","4891","6","2023-06-01T02:51:17.577Z","99","1968","1990"
"103.110.56.12","elite","AS137482","BD","MetroTel Bangladesh Ltd","171","N/A","1088","socks4","3903","1","2023-06-01T02:51:17.882Z","98","1843","1872"
"148.72.65.230","elite","AS26496","US","GoDaddy.com, LLC","135","GoDaddy.com, LLC","59445","socks5","4397","7","2023-06-01T02:51:17.679Z","100","1959","1959"
"46.227.37.21","elite","AS51155","PL","Telemedian - TB Telecom","42","Telemedian","1088","socks4","3902","1","2023-06-01T02:51:17.585Z","100","1979","1987"
"5.9.147.197","elite","AS24940","DE","Hetzner Online GmbH","23","Hetzner","30000","socks4","4601","2","2023-06-01T02:51:17.580Z","100","1908","1909"
"95.42.55.92","elite","AS8866","BG","BTC-BROADBAND","88","BTC Plc","4145","socks4","5011","84","2023-06-01T02:51:17.574Z","84","1648","1972"
"41.79.149.161","elite","AS37403","ZA","Info-Gro (PTY) Ltd","194","Info-Gro (PTY) Ltd","5678","socks4","3687","1","2023-06-01T02:51:12.868Z","99","1979","1989"
"43.153.27.113","elite","AS132203","US","Shenzhen Tencent Computer Systems Company Limited","188","Tencent Cloud Computing","443","socks4","5093","1","2023-06-01T02:51:12.368Z","61","1203","1957"
"43.134.169.206","elite","AS132203","SG","Aceville Pte.ltd","318","N/A","443","socks5","4910","1","2023-06-01T02:51:11.373Z","93","1809","1944"
"144.202.21.190","elite","AS20473","US","The Constant Company","199","Vultr Holdings, LLC","10884","socks4","4802","2","2023-06-01T02:51:11.176Z","46","877","1916"
"45.251.231.113","elite","AS59362","BD","KS Network","191","Nazmul Karim Bhuiyan","5678","socks4","4907","84","2023-06-01T02:51:11.286Z","99","1946","1970"
"100.2.103.26","elite","AS701","US","Verizon Business","92","Verizon Online LLC","8080","socks4","4998","1","2023-06-01T02:51:11.275Z","100","1913","1918"
"185.188.218.14","elite","AS206358","XK","Coax","45","N/A","4145","socks4","4706","1","2023-06-01T02:51:11.270Z","100","1983","1991"
"62.171.135.216","elite","AS51167","DE","Contabo GmbH","17","Contabo GmbH","50037","socks5","5099","1","2023-06-01T02:51:11.279Z","100","1863","1870"
"188.92.242.99","elite","AS25227","RU","JSC Avantel","50","Avantel, Close Joint Stock Company","8088","socks5","5001","1","2023-06-01T02:51:07.471Z","100","1922","1931"
"193.228.161.10","elite","AS43201","RU","Telematika LLC","79","Telematika LLC","4153","socks4","4797","1","2023-06-01T02:51:07.184Z","97","1892","1945"
"202.40.188.201","elite","AS23991","BD","Ranks ITT","188","Ranks ITT Ltd","4145","socks4","3078","2","2023-06-01T02:51:07.474Z","99","1948","1958"
"45.249.101.4","elite","AS135411","BD","Red Grapes Pte Ltd","183","N/A","56457","socks4","4901","2","2023-06-01T02:51:07.171Z","100","1969","1976"
"193.124.189.13","elite","AS209641","RU","I-servers LTD","80","I-servers LTD","80","socks4","4995","1","2023-06-01T02:51:07.188Z","99","1904","1914"
"79.154.160.181","elite","AS3352","ES","RIMA (Red IP Multi Acceso)","101","N/A","4145","socks4","4307","1","2023-06-01T02:51:07.272Z","100","1984","1985"
"159.223.163.11","elite","AS14061","US","DigitalOcean, LLC","83","DigitalOcean, LLC","48436","socks5","4813","1","2023-06-01T02:51:07.468Z","69","1374","1992"
"197.234.13.58","elite","AS36902","SC","Intelvision","196","Intelvision Ltd","4145","socks4","4698","2","2023-06-01T02:51:03.282Z","99","1920","1931"
"5.9.151.189","elite","AS24940","DE","Hetzner Online GmbH","91","Hetzner","30000","socks4","4798","1","2023-06-01T02:51:03.370Z","55","1054","1908"
"182.253.159.19","elite","AS17451","ID","BIZNET","184","N/A","4145","socks4","1897","1","2023-06-01T02:51:03.276Z","97","1919","1988"
"95.38.75.146","elite","AS41881","IR","Fanava Group","155","Fanava Group","4145","socks4","4402","1","2023-06-01T02:51:03.482Z","90","1736","1930"
"103.212.95.253","elite","AS138312","IN","Best Telnet Services Private Limited","136","Best telnet services private limited","41363","socks4","5091","2","2023-06-01T02:50:59.270Z","100","1980","1988"
"202.137.141.183","elite","AS9873","LA","Lao Telecommunication Co Ltd","289","Laotelecom","5678","socks4","4698","1","2023-06-01T02:50:59.276Z","98","1938","1982"
"103.140.83.94","elite","AS132290","BD","The Net","156","The","4145","socks4","2000","1","2023-06-01T02:50:59.369Z","99","1971","1990"
"62.33.235.14","elite","AS20485","RU","Joint Stock Company TransTeleCom","58","DataLine","4153","socks4","4507","81","2023-06-01T02:50:59.274Z","99","1971","1982"
"110.76.129.30","elite","AS59362","BD","KS Network Limited","193","N/A","5678","socks4","5100","3","2023-06-01T02:50:59.372Z","98","1952","1989"
"190.78.86.202","elite","AS8048","VE","CANTV Servicios, Venezuela","299","CANTV Servicios, Venezuela","8080","socks4","4614","2","2023-06-01T02:50:55.076Z","49","963","1985"
"164.52.24.141","elite","AS63199","JP","Capitalonline Data Service (HK) Co","290","N/A","8030","socks5","5093","1","2023-06-01T02:50:55.269Z","99","1955","1973"
"177.85.205.105","elite","AS52554","BR","S. A. da Silva Junior","183","S. A. da Silva Junior","3629","socks4","4705","1","2023-06-01T02:50:55.084Z","100","1962","1966"
"197.234.13.30","elite","AS36902","SC","Intelvision","171","Intelvision Ltd","4145","socks4","3991","1","2023-06-01T02:50:55.079Z","99","1962","1972"
"168.227.158.25","elite","AS52898","BR","Multipla Serviços Inteligentes","207","Multipla Serviços Inteligentes","4145","socks4","4208","1","2023-06-01T02:50:51.081Z","99","1979","1992"
"102.66.231.66","elite","AS328471","ZA","HERO TELECOMS (PTY) LTD","202","Herotel","5678","socks4","4403","2","2023-06-01T02:50:51.078Z","58","1128","1934"
"188.134.1.49","elite","AS41733","RU","Z-Telecom","45","N/A","3629","socks4","4994","2","2023-06-01T02:50:51.179Z","99","1955","1974"
"103.115.255.225","elite","AS137868","BD","Star Internet Service","172","Md. Murad Hossain Ripon","36331","socks4","275","1","2023-06-01T02:50:51.087Z","96","1901","1986"
"79.9.90.134","elite","AS3269","IT","INTERBUSINESS","33","N/A","1080","socks5","2197","85","2023-06-01T02:50:51.475Z","100","1985","1993"
"95.0.206.217","elite","AS9121","TR","Turk Telekomunikasyon Anonim Sirketi","71","Hatnet Telekomunikasyon Hizmetleri","1080","socks4","4088","1","2023-06-01T02:50:51.471Z","88","1753","1993"
"141.105.86.130","elite","AS24634","LB","CYBERIA","52","N/A","44660","socks4","4407","1","2023-06-01T02:50:51.182Z","80","1589","1990"
"64.26.95.14","elite","AS6189","US","Enoch-Pratt Free Library","86","Sailor","8080","socks4","4791","1","2023-06-01T02:50:51.192Z","100","1887","1888"
"217.197.151.181","elite","AS34093","CZ","PREROV","79","N/A","5678","socks4","3701","2","2023-06-01T02:50:51.467Z","100","1948","1950"
"103.66.233.185","elite","AS134014","IN","NET 4 U SERVICES","200","N/A","4145","socks4","4905","2","2023-06-01T02:50:51.084Z","97","1921","1977"
"167.86.76.187","elite","AS51167","DE","Contabo GmbH","85","Contabo GmbH","7497","socks5","5100","1","2023-06-01T02:50:51.188Z","33","626","1899"
"95.107.183.18","elite","AS47394","AL","TRING-CITIES","54","N/A","5678","socks4","4211","1","2023-06-01T02:50:47.180Z","98","1905","1947"
"46.99.188.13","elite","AS21246","AL","IPKO Telecommunications LLC","47","N/A","42551","socks4","5187","76","2023-06-01T02:50:47.273Z","21","418","1987"
"188.169.142.196","elite","AS35805","GE","JSC \"Silknet\"","83","UTG MPLS DSL","4145","socks4","4996","77","2023-06-01T02:50:47.176Z","96","1823","1894"
"212.126.5.246","elite","AS8364","PL","Institute of Bioorganic Chemistry Polish Academy of Science","86","Pozman ZOO","42344","socks4","5009","1","2023-06-01T02:50:46.892Z","100","1956","1958"
"191.7.213.71","elite","AS263327","BR","HTM Serviços de Telecomunicações EIRELI","197","HTM SERVICOS DE TELECOMUNICACOES LTDA","31576","socks4","4800","1","2023-06-01T02:50:46.890Z","100","1904","1909"
"66.29.128.244","elite","AS22612","US","Namecheap, Inc.","199","Namecheap, Inc.","61222","socks5","66","1","2023-06-01T02:50:46.782Z","100","1966","1973"
"177.12.177.2","elite","AS263033","BR","Linxbr Telecomunicacoes Ltda","194","Linkli Telecomunicacoes Ltda","4153","socks4","5082","1","2023-06-01T02:50:46.873Z","100","1944","1950"
"177.124.212.26","elite","AS17222","BR","Mundivox Do Brasil Ltda","292","Mundivox Do Brasil Ltda","1080","socks4","3890","2","2023-06-01T02:50:46.878Z","100","1919","1926"
"178.128.113.181","elite","AS14061","SG","DigitalOcean, LLC","196","Digitalocean","57261","socks4","4499","2","2023-06-01T02:50:46.786Z","100","1978","1986"
"186.251.255.25","elite","AS267513","BR","Seanet Telecom Carazinho Eireli","291","Seanet Telecom Carazinho Eireli","31337","socks4","3297","1","2023-06-01T02:50:42.069Z","99","1973","1984"
"103.82.11.233","elite","AS136156","BD","FNF Online","198","N/A","4153","socks4","4899","1","2023-06-01T02:50:42.073Z","99","1954","1979"
"185.217.199.5","elite","AS205090","RU","First Server Limited","94","Firstbyte Hosting","17018","socks4","4604","1","2023-06-01T02:50:42.276Z","78","1499","1932"
"167.71.184.82","elite","AS14061","US","DigitalOcean, LLC","83","DigitalOcean, LLC","37908","socks4","4692","1","2023-06-01T02:50:42.082Z","100","1885","1888"
"75.119.205.218","elite","AS26347","US","New Dream Network, LLC","198","New Dream Network, LLC","32238","socks5","5004","1","2023-06-01T02:50:42.079Z","100","1976","1977"
"101.109.251.42","elite","AS23969","TH","TOT Public Company Limited","154","TOT Public Company Limited","4145","socks4","5017","2","2023-06-01T02:50:38.285Z","97","1939","1989"
"91.224.179.175","elite","AS197602","UA","TeleRadioCompany \"Studio TV-9 Beregsasom\" Ltd.","85","TV9 net 2","5678","socks4","2199","1","2023-06-01T02:50:38.370Z","90","1786","1985"
"92.119.74.249","elite","AS212918","ES","Clicktel SL","86","Fibercli","5678","socks4","4704","2","2023-06-01T02:50:38.672Z","84","1606","1918"
"1.15.172.214","elite","AS45090","CN","Tencent Cloud Computing (Beijing) Co. Ltd.","293","Tencent Cloud Computing (Beijing) Co. Ltd.","7890","socks4","5009","1","2023-06-01T02:50:38.375Z","78","1472","1891"
"104.20.225.218","elite","AS13335","CA","American Registry Internet Numbers","3","American Registry Internet Numbers","80","socks4","4803","1","2023-06-01T02:50:38.288Z","100","1980","1981"
"72.167.55.195","elite","AS26496","US","GoDaddy.com, LLC","175","GoDaddy.com, LLC","28426","socks4","4898","2","2023-06-01T02:50:38.372Z","100","1900","1900"
"51.68.93.11","elite","AS16276","FR","OVH SAS","12","OVH","46979","socks5","4803","2","2023-06-01T02:50:38.675Z","100","1896","1896"
"189.2.127.243","elite","AS4230","BR","Claro S.A","256","PEMAZA Centro Norte SA","4153","socks4","2604","1","2023-06-01T02:50:34.475Z","98","1957","1988"
"104.16.108.149","elite","AS13335","CA","American Registry Internet Numbers","3","American Registry Internet Numbers","80","socks4","4390","1","2023-06-01T02:50:34.384Z","100","1880","1880"
"93.158.202.194","elite","AS50673","NL","Serverius Holding B.V.","12","Serveriuscustomer","3350","socks4","1796","2","2023-06-01T02:50:34.774Z","77","1445","1884"
"116.118.98.21","elite","AS7602","VN","SPT","301","N/A","5678","socks4","4712","1","2023-06-01T02:50:34.381Z","94","1854","1962"
"119.235.50.38","elite","AS45582","IN","VAINAVI INDUSTIES LTD, INTERNET SERVICE PROVIDER, INDIA","195","Vainavi Industries Ltd","4153","socks4","5099","1","2023-06-01T02:50:34.379Z","100","1865","1872"
"188.68.236.123","elite","AS197226","PL","Sprint S.A","41","Sprint S.A.","3128","socks5","5105","1","2023-06-01T02:50:31.181Z","49","911","1870"
"80.78.23.49","elite","AS39287","SE","ab stract","88","ab stract","1080","socks5","4800","1","2023-06-01T02:50:31.184Z","88","1710","1953"
"103.251.222.49","elite","AS58972","IN","BHOMIKA","194","Bhomika","4145","socks4","5082","1","2023-06-01T02:50:30.785Z","100","1967","1976"
"147.47.224.168","elite","AS9488","KR","SNU","237","N/A","1080","socks4","4393","2","2023-06-01T02:50:30.887Z","97","1914","1979"
"103.47.93.231","elite","AS134058","IN","Broban Internet Services Pvt.ltd","164","Broban  PVT Ltd.","1080","socks4","2493","1","2023-06-01T02:50:30.788Z","99","1932","1947"
"185.14.149.225","elite","AS61233","PL","Enformatel Sp. z o.o.","85","Enformatel Sp. z o.o","4145","socks4","605","1","2023-06-01T02:50:30.979Z","100","1973","1976"
"92.222.237.105","elite","AS16276","FR","OVH SAS","6","LCC LCC","8888","socks4","4319","1","2023-06-01T02:50:30.884Z","100","1969","1969"
"104.21.194.182","elite","AS13335","CA","American Registry Internet Numbers","5","American Registry Internet Numbers","80","socks5","4891","1","2023-06-01T02:50:30.773Z","100","1922","1923"
"118.173.230.19","elite","AS23969","TH","TOT Public Company Limited","188","TOT Public Company Limited","1080","socks4","3800","1","2023-06-01T02:50:30.778Z","98","1949","1993"
"27.123.1.33","elite","AS45706","ID","PT Tele Globe Global","190","N/A","4153","socks4","4878","2","2023-06-01T02:50:30.781Z","100","1978","1985"
"46.227.39.2","elite","AS51155","PL","TB Telecom Sp. z o. o.","101","Telemedian","1088","socks4","4589","4","2023-06-01T02:50:24.071Z","100","1909","1912"
"109.75.42.82","elite","AS44395","AM","Ucom LLC","100","Ucom LLC","3629","socks4","5089","1","2023-06-01T02:50:24.168Z","99","1972","1987"
"189.201.191.66","elite","AS28438","MX","ATC HOLDING FIBRA MEXICO, S. DE R.L. DE C.V.","190","ATC HOLDING FIBRA MEXICO, S. DE R.L. DE C.V","4145","socks4","4193","1","2023-06-01T02:50:24.068Z","99","1972","1988"
"118.174.219.163","elite","AS23969","TH","TOT Public Company Limited","195","TOT Public Company Limited","4153","socks4","4991","1","2023-06-01T02:50:24.076Z","75","1410","1880"
"195.225.48.113","elite","AS51357","UA","Kishchenko N.M. PE","43","Kishchenko N.M. PE","55774","socks4","5000","1","2023-06-01T02:50:24.074Z","98","1881","1925"
"198.199.122.10","elite","AS14061","US","DigitalOcean, LLC","90","DigitalOcean, LLC","3128","socks4","5086","1","2023-06-01T02:50:23.986Z","100","1925","1933"
"200.152.107.104","elite","AS21571","BR","MLS Wireless S/A","289","MLS Projetos de Informatica","1080","socks5","4710","2","2023-06-01T02:50:23.984Z","98","1897","1935"
"103.112.253.45","elite","AS137139","IN","Cybernet Introtech Private Limited","192","Cybernet Introtech Private Limited","5678","socks4","4609","1","2023-06-01T02:50:20.070Z","71","1415","1984"
"114.4.121.90","elite","AS4761","ID","PT. INDOSAT Tbk","183","PT. INDOSAT Tbk","4153","socks4","3500","1","2023-06-01T02:50:20.371Z","99","1969","1992"
"45.76.144.30","elite","AS20473","SG","The Constant Company","198","Vultr Holdings, LLC","41086","socks4","4818","84","2023-06-01T02:50:19.979Z","75","1484","1989"
"75.119.204.222","elite","AS26347","US","New Dream Network, LLC","199","New Dream Network, LLC","23456","socks5","4701","2","2023-06-01T02:50:19.878Z","100","1910","1911"
"202.6.224.50","elite","AS23756","ID","Padi Internet","199","N/A","1080","socks4","4684","84","2023-06-01T02:50:19.968Z","100","1987","1990"
"182.52.70.117","elite","AS23969","TH","TOT Public Company Limited","191","TOT Public Company Limited","4145","socks4","4906","1","2023-06-01T02:50:16.283Z","100","1984","1990"
"106.242.5.206","elite","AS3786","KR","LG DACOM Corporation","298","Boranet","4145","socks4","4199","1","2023-06-01T02:50:16.279Z","100","1987","1989"
"165.22.223.82","elite","AS14061","IN","DigitalOcean, LLC","140","DigitalOcean, LLC","51211","socks4","2906","2","2023-06-01T02:50:16.286Z","100","1897","1897"
"23.227.38.230","elite","AS13335","CA","Cloudflare, Inc.","3","Shopify, Inc.","80","socks4","4096","1","2023-06-01T02:50:16.276Z","100","1966","1967"
"51.68.87.157","elite","AS16276","FR","OVH SAS","82","OVH","49320","socks4","5101","1","2023-06-01T02:50:12.470Z","100","1916","1916"
"45.12.31.104","elite","AS209242","GB","Cloudflare London, LLC","3","LIR Services","80","socks4","4712","1","2023-06-01T02:50:12.479Z","100","1978","1979"
"91.215.61.181","elite","AS49617","UA","CrimeaCom South LLC","83","Nikita Sergienko","5678","socks4","5100","2","2023-06-01T02:50:12.679Z","100","1873","1880"
"5.172.188.93","elite","AS60279","PL","Gmina Miasta Elk","86","N/A","5678","socks4","4917","1","2023-06-01T02:50:12.683Z","100","1983","1986"
"109.238.223.1","elite","AS48574","CZ","Planet A, a.s.","26","PLANET","51372","socks4","5001","1","2023-06-01T02:50:12.383Z","82","1629","1986"
"185.206.80.227","elite","AS210021","IQ","DIL Technology Limited","88","Diltechnology","10801","socks4","3091","1","2023-06-01T02:50:12.476Z","15","290","1991"
"185.173.106.113","elite","AS59441","IR","Hostiran Network","191","N/A","8080","socks5","5098","1","2023-06-01T02:50:08.781Z","92","1720","1878"
"180.183.135.241","elite","AS45629","TH","Triple T Broadband Public Company Limited","197","Triple T Broadband Public Company Limited","1099","socks4","4899","1","2023-06-01T02:50:08.483Z","87","1651","1893"
"195.225.49.134","elite","AS51357","UA","INETIN","43","Freenet Ltd.","55774","socks4","4596","3","2023-06-01T02:50:08.477Z","98","1909","1950"
"103.251.221.33","elite","AS58972","IN","BHOMIKA","196","Bhomika","4145","socks4","3892","1","2023-06-01T02:50:08.382Z","100","1981","1987"
"179.107.51.47","elite","AS263284","BR","Topmega Internet e Informática LTDA -ME","283","Topmega Internet e Informática LTDA -ME","4153","socks4","4686","1","2023-06-01T02:50:08.480Z","96","1865","1946"
"103.76.188.65","elite","AS135758","IN","Alacriy Net System Service Private Limited","147","Alacriy Net System Service Private Limited","4153","socks4","5000","1","2023-06-01T02:50:08.487Z","99","1972","1990"
"181.233.95.18","elite","AS271441","BR","J.A TELECOM.PE","288","Ewerton da Silva Lopes","5678","socks4","5197","1","2023-06-01T02:50:08.569Z","99","1957","1986"
"50.96.204.3","elite","AS7029","US","Windstream Communications LLC","112","Windstream Communications LLC","18351","socks4","4708","4","2023-06-01T02:50:08.469Z","100","1978","1986"
"161.97.66.104","elite","AS51167","DE","Contabo GmbH","17","Contabo GmbH","14109","socks4","3798","1","2023-06-01T02:50:04.772Z","100","1885","1887"
"177.38.5.44","elite","AS52964","BR","FÁBIO MENDES DIAS LTDA ME","350","FÁBIO MENDES DIAS LTDA ME","4153","socks4","5088","4","2023-06-01T02:50:04.768Z","97","1858","1917"
"128.199.125.165","elite","AS14061","SG","DigitalOcean, LLC","192","DigitalOcean, LLC","10260","socks5","5001","1","2023-06-01T02:50:04.681Z","99","1932","1947"
"50.192.49.5","elite","AS7922","US","Comcast Cable Communications","108","Microtel and Suites","32100","socks4","4497","1","2023-06-01T02:50:04.384Z","97","1849","1913"
"168.232.205.14","elite","AS264960","BR","R L GUIMARAES TELECOMUNICACAO - ME","195","R L GUIMARAES TELECOMUNICACAO - ME","5678","socks4","4611","2","2023-06-01T02:50:04.378Z","99","1970","1990"
"23.225.129.130","elite","AS132839","US","POWER LINE (HK) CO., LIMITED","181","CloudRadium L.L.C","39877","socks5","5093","2","2023-06-01T02:50:04.685Z","97","1913","1967"
"144.76.14.199","elite","AS24940","DE","Hetzner Online GmbH","23","Hetzner","30010","socks4","4987","4","2023-06-01T02:50:04.373Z","100","1863","1864"
"177.12.178.9","elite","AS263033","BR","Linxbr Telecomunicacoes Ltda","194","Linkli Telecomunicacoes Ltda","4153","socks4","4797","1","2023-06-01T02:50:00.082Z","100","1937","1940"
"207.180.198.90","elite","AS51167","DE","Contabo GmbH","97","Contabo GmbH","16791","socks5","4996","84","2023-06-01T02:50:00.284Z","100","1925","1925"
"41.60.232.18","elite","AS30844","KE","Maintainer Liquid Telecommunications Operations Limited","184","Liquid Telecommunications Operations Limited","5678","socks4","4901","1","2023-06-01T02:50:00.381Z","81","1603","1980"
"185.157.47.236","elite","AS28964","RS","Orion Telekom Tim d.o.o.Beograd","80","OT Kosmaj","1080","socks4","4898","1","2023-06-01T02:50:00.375Z","99","1961","1985"
"212.50.19.150","elite","AS8717","BG","Spectrum NET","36","N/A","4153","socks4","2699","1","2023-06-01T02:50:00.168Z","69","1364","1991"
"110.34.166.185","elite","AS45652","SG","Krypt Technologies","250","Vpls Sin1","4153","socks4","4496","2","2023-06-01T02:50:00.079Z","98","1955","1987"
"200.159.146.184","elite","AS27688","BR","Winfnet Telecom Wireless Ltda","203","Winfnet Telecom Wireless Ltda","4153","socks4","4594","4","2023-06-01T02:49:59.976Z","100","1981","1988"
"36.65.74.23","elite","AS7713","ID","PT. Telekomunikasi Indonesia","206","N/A","4145","socks4","4734","1","2023-06-01T02:49:56.174Z","82","1553","1883"
"41.206.56.58","elite","AS15808","KE","ACCESSKENYA","185","N/A","5678","socks4","5002","2","2023-06-01T02:49:56.180Z","94","1871","1982"
"5.9.173.158","elite","AS24940","DE","Hetzner Online GmbH","23","N/A","30000","socks5","4102","1","2023-06-01T02:49:55.984Z","100","1910","1911"
"170.80.91.65","elite","AS264820","CR","Corebases S.A","155","Corebases S.A","4145","socks4","3911","1","2023-06-01T02:49:55.969Z","100","1975","1983"
"202.124.46.101","elite","AS9902","KH","NeocomISP Limited","194","NeocomISP Limited","4145","socks4","5201","2","2023-06-01T02:49:55.972Z","100","1990","1995"
"197.234.13.17","elite","AS36902","SC","Intelvision","184","Intelvision Ltd","4145","socks4","4397","1","2023-06-01T02:49:55.978Z","99","1888","1901"
"110.136.167.118","elite","AS7713","ID","PT. TELKOM INDONESIA","188","N/A","8080","socks5","4400","1","2023-06-01T02:49:55.981Z","84","1633","1952"
"81.46.202.112","elite","AS16371","ES","acens Technologies","28","ACENS-TELEFONICA","8080","socks4","4990","2","2023-06-01T02:49:55.879Z","100","1924","1924"
"103.47.93.206","elite","AS134058","IN","Broban Internet Services Pvt.ltd","191","Broban  PVT Ltd.","1080","socks4","4907","2","2023-06-01T02:49:52.068Z","99","1961","1979"
"50.207.130.238","elite","AS7922","US","Comcast Cable Communications, LLC","106","Comcast Cable Communications, LLC","54321","socks4","5102","1","2023-06-01T02:49:51.982Z","100","1986","1987"
"119.202.6.231","elite","AS4766","KR","Korea Telecom","221","Korea Telecom","1080","socks4","4709","2","2023-06-01T02:49:51.979Z","89","1708","1915"
"69.245.21.126","elite","AS7922","US","Comcast Cable Communications, LLC","111","Comcast Cable Communications, Inc","80","socks4","4701","5","2023-06-01T02:49:48.075Z","100","1930","1936"
"135.181.140.215","elite","AS24940","FI","Hetzner Online GmbH","45","Hetzner","43491","socks4","5193","3","2023-06-01T02:49:48.468Z","99","1967","1990"
"190.152.12.54","elite","AS28006","EC","Corporacion Nacional De Telecomunicaciones - CNT EP","195","Corporacion Nacional De Telecomunicaciones - CNT EP","47017","socks4","3100","1","2023-06-01T02:49:48.068Z","97","1909","1967"
"103.115.255.129","elite","AS137868","BD","Star Internet Service","190","Md. Murad Hossain Ripon","36331","socks4","4898","1","2023-06-01T02:49:48.471Z","96","1891","1961"
"124.121.176.254","elite","AS17552","TH","TRUE","199","N/A","4145","socks4","3701","6","2023-06-01T02:49:47.869Z","44","851","1913"
"158.101.1.100","elite","AS31898","US","Oracle Corporation","212","Oracle Cloud Infrastructure (us-phoenix-1)","42171","socks5","95","80","2023-06-01T02:49:47.878Z","98","1846","1884"
"149.20.253.93","elite","AS18615","US","Mainstream Fiber Networks, LLC","100","Mainstream Fiber Networks, LLC","12551","socks4","4989","1","2023-06-01T02:49:44.182Z","100","1960","1961"
"135.125.30.135","elite","AS16276","FR","OVH SAS","7","OVH","42625","socks5","1905","1","2023-06-01T02:49:44.185Z","100","1933","1933"
"147.139.133.15","elite","AS45102","ID","Alibaba.com LLC","162","ALICLOUD-ID","61524","socks5","4097","2","2023-06-01T02:49:44.270Z","100","1969","1976"
"143.198.69.18","elite","AS14061","US","DigitalOcean, LLC","151","DigitalOcean, LLC","12345","socks5","4694","2","2023-06-01T02:49:44.274Z","95","1843","1945"
"103.12.246.113","elite","AS134941","IN","Instant Cable Network PVT LTD","183","Instant Cable Network PVT LTD","4145","socks4","4896","2","2023-06-01T02:49:43.891Z","100","1941","1949"
"45.70.204.21","elite","AS267586","BR","Rafael Pierre Barbosa - Me","197","Rafael Pierre Barbosa - Me","4145","socks4","3895","2","2023-06-01T02:49:43.977Z","100","1924","1926"
"192.249.127.96","elite","AS22611","US","InMotion Hosting, Inc.","200","InMotion Hosting, Inc","443","socks4","4808","4","2023-06-01T02:49:43.974Z","100","1987","1989"
"179.107.51.4","elite","AS263284","BR","Topmega Internet e Informática LTDA -ME","292","Topmega Internet e Informática LTDA -ME","4145","socks4","5195","2","2023-06-01T02:49:43.971Z","99","1941","1959"
"125.141.133.48","elite","AS4766","KR","Korea Telecom","279","Korea Telecom","5566","socks5","5098","3","2023-06-01T02:49:43.887Z","76","1517","1990"
"64.119.30.126","elite","AS17882","MN","MCS Com Co Ltd","300","Univision LLC","5678","socks4","1900","2","2023-06-01T02:49:38.868Z","100","1980","1987"
"8.39.228.209","elite","AS3356","US","Level 3 Communications, Inc.","192","Level 3, LLC","39593","socks4","1885","2","2023-06-01T02:49:38.976Z","100","1965","1972"
"71.61.1.80","elite","AS7922","US","Comcast Cable Communications","104","Comcast Cable Communications Holdings, Inc","29951","socks4","4693","1","2023-06-01T02:49:37.177Z","100","1962","1965"
"151.80.119.118","elite","AS16276","FR","OVH SAS","8","OVH SAS","1080","socks5","2702","2","2023-06-01T02:49:37.174Z","83","1546","1873"
"103.121.121.206","elite","AS131275","PK","Logon Broadband Pvt. Limited","184","Logon Broadband Pvt. Limited","5678","socks4","4608","1","2023-06-01T02:49:37.073Z","94","1867","1978"
"103.85.67.114","elite","AS131111","ID","MORATELINDO","170","Moratelindo","4145","socks4","3804","2","2023-06-01T02:49:37.070Z","98","1841","1875"
"103.94.8.53","elite","AS45722","ID","INTERSATNET","223","N/A","5678","socks4","4113","1","2023-06-01T02:49:36.971Z","92","1834","1986"
"177.36.185.180","elite","AS53062","BR","Ggnet Telecom Backbone","220","Ggnet Telecom Backbone","5678","socks4","5017","1","2023-06-01T02:49:36.879Z","99","1962","1988"
"172.104.35.230","elite","AS63949","SG","Akamai Technologies","156","Linode","25140","socks5","3003","1","2023-06-01T02:49:33.082Z","99","1871","1885"
"14.232.161.29","elite","AS45899","VN","VNPT","294","Vietnam Posts and Telecommunications Group","10801","socks4","3090","2","2023-06-01T02:49:33.072Z","27","540","1991"
"93.126.61.245","elite","AS44375","IR","Asmanfaraz Sepahan Company (P.J.S)","286","Asmanfaraz Sepahan Isdp","4153","socks4","4699","80","2023-06-01T02:49:32.984Z","100","1877","1884"
"113.53.29.228","elite","AS23969","TH","TOT Public Company Limited","160","TOT Public Company Limited","13629","socks4","4889","6","2023-06-01T02:49:29.280Z","100","1888","1895"
"182.75.249.98","elite","AS9498","IN","Bharti Airtel","195","Bharti Airtel Ltd","4145","socks4","116","2","2023-06-01T02:49:29.285Z","100","1965","1971"
"203.114.65.85","elite","AS7611","PH","W Network Inc.","190","W NETWORK Inc","1337","socks4","4991","86","2023-06-01T02:49:29.573Z","99","1910","1932"
"162.12.217.4","elite","AS204902","FR","Xiwo SAS","194","Weelax","3629","socks4","4496","2","2023-06-01T02:49:29.375Z","98","1936","1974"
"103.135.138.121","elite","AS150178","BD","Md. Aziz Uddin","210","N/A","1080","socks4","1404","1","2023-06-01T02:49:29.372Z","90","1744","1945"
"159.192.233.69","elite","AS131090","TH","CAT-BB","194","N/A","4145","socks5","5198","2","2023-06-01T02:49:25.170Z","79","1550","1955"
"165.231.101.229","elite","AS41564","NL","Orion Network Limited","9","Fiber Grid","80","socks5","2890","1","2023-06-01T02:49:25.081Z","100","1945","1947"
"185.169.181.27","elite","AS34984","TR","Ates Dc","55","Ibrahim MALA trading as Ates Dc","4145","socks4","146","1","2023-06-01T02:49:25.168Z","100","1964","1965"
"43.157.17.146","elite","AS132203","DE","Aceville Pte.ltd","82","N/A","443","socks5","5190","80","2023-06-01T02:49:25.072Z","26","497","1949"
"186.47.23.6","elite","AS28006","EC","Corporacion Nacional De Telecomunicaciones - CNT EP","189","Corporacion Nacional De Telecomunicaciones - CNT EP","5678","socks4","5010","2","2023-06-01T02:49:25.377Z","95","1884","1989"
"43.154.49.67","elite","AS132203","HK","Shenzhen Tencent Computer Systems Company Limited","238","Tencent Cloud Computing","9999","socks5","2806","1","2023-06-01T02:49:25.374Z","100","1893","1898"
"103.112.254.33","elite","AS137139","IN","Cybernet Introtech Private Limited","179","Cybernet Introtech Private Limited","5678","socks4","5003","1","2023-06-01T02:49:25.173Z","47","916","1964"
"193.86.201.109","elite","AS13036","CZ","T-Mobile Czech Republic a.s.","22","GEEN Holding a.s.","4153","socks5","4903","2","2023-06-01T02:49:24.979Z","100","1927","1928"
"176.113.157.149","elite","AS44010","UA","FOP Bilenkiy Olexander Naumovich","46","BELICOM-FASTIV","37417","socks4","3693","1","2023-06-01T02:49:24.984Z","84","1663","1987"
"5.39.93.167","elite","AS16276","FR","OVH SAS","6","OVH ISP","22851","socks4","1503","3","2023-06-01T02:49:21.384Z","100","1991","1991"
"160.226.203.247","elite","AS37542","ZA","Iclix (PTY) Ltd","288","Iclix CO","1080","socks4","4788","1","2023-06-01T02:49:20.877Z","62","1195","1939"
"188.114.98.25","elite","AS13335","NL","Cloudflare, Inc.","3","CloudFlare, Inc.","443","socks4","4310","2","2023-06-01T02:49:20.773Z","100","1897","1897"
"172.67.53.215","elite","AS13335","CA","Cloudflare, Inc.","3","Cloudflare, Inc.","80","socks4","5001","1","2023-06-01T02:49:20.786Z","100","1910","1910"
"1.231.77.174","elite","AS9318","KR","SK Broadband Co Ltd","297","broadNnet","1080","socks4","5190","1","2023-06-01T02:49:20.882Z","99","1966","1976"
"103.82.8.189","elite","AS136156","BD","FNF Online","200","N/A","4153","socks4","4218","2","2023-06-01T02:49:20.783Z","92","1828","1986"
"103.80.210.174","elite","AS17882","MN","Unidish LLC","295","N/A","5678","socks4","4984","2","2023-06-01T02:49:20.669Z","98","1961","1991"
"177.12.178.5","elite","AS263033","BR","Linxbr Telecomunicacoes Ltda","198","Linkli Telecomunicacoes Ltda","4153","socks4","4904","1","2023-06-01T02:49:20.676Z","100","1943","1948"
"104.200.20.136","elite","AS63949","US","Akamai Technologies, Inc.","192","Linode","35434","socks5","5002","1","2023-06-01T02:49:20.969Z","100","1864","1866"
"1.55.241.4","elite","AS18403","VN","FPT Telecom Company","191","FPTDYNAMICIP","4145","socks4","4590","1","2023-06-01T02:49:17.369Z","99","1975","1990"
"190.111.238.127","elite","AS11014","AR","CPS","298","CPS","49017","socks4","4703","1","2023-06-01T02:49:17.283Z","99","1942","1953"
"103.31.84.122","elite","AS7642","MV","Dhiraagu Pvt.Ltd","188","Dhivehi Raajjeyge Gulhun Plc","1080","socks4","4502","2","2023-06-01T02:49:17.372Z","100","1986","1993"
"118.174.219.41","elite","AS23969","TH","TOT Public Company Limited","164","TOT Public Company Limited","4153","socks4","4996","2","2023-06-01T02:49:17.280Z","86","1689","1967"
"213.179.245.72","elite","AS6849","UA","UKRTELECOM","53","JSC Ukrtelecom","4444","socks4","4810","84","2023-06-01T02:49:16.980Z","94","1791","1904"
"1.0.136.7","elite","AS23969","TH","TOT Public Company Limited","196","TOT Public Company Limited","4145","socks4","4598","1","2023-06-01T02:49:16.974Z","56","1046","1882"
"104.16.241.204","elite","AS13335","CA","American Registry Internet Numbers","80","American Registry Internet Numbers","80","socks5","4891","1","2023-06-01T02:49:12.571Z","100","1914","1915"
"197.157.254.162","elite","AS37451","CG","Congo Telecom","196","N/A","4145","socks4","4803","1","2023-06-01T02:49:12.381Z","98","1902","1948"
"43.132.165.196","elite","AS132203","HK","Shenzhen Tencent Computer Systems Company Limited","238","Tencent Cloud Computing","16051","socks5","4811","1","2023-06-01T02:49:12.786Z","99","1978","1991"
"175.139.200.17","elite","AS4788","MY","Tmnet, Telekom Malaysia Bhd.","165","Adsl Streamyx","4153","socks4","4511","1","2023-06-01T02:49:12.482Z","100","1981","1985"
"103.89.62.81","elite","AS58972","IN","Bhomika Network PVT LTD","199","Bhomika Network Pvt Ltd","4153","socks4","2813","1","2023-06-01T02:49:12.384Z","99","1965","1983"
"50.116.14.201","elite","AS63949","US","Akamai Technologies, Inc.","147","Linode","7497","socks5","3989","1","2023-06-01T02:49:12.777Z","100","1989","1990"
"168.119.209.189","elite","AS24940","DE","Hetzner Online GmbH","83","Hetzner","60006","socks5","4516","2","2023-06-01T02:49:12.781Z","100","1944","1944"
"64.90.52.19","elite","AS26347","US","New Dream Network, LLC","189","New Dream Network, LLC","55552","socks4","5205","1","2023-06-01T02:49:12.377Z","100","1919","1920"
"121.66.105.19","elite","AS3786","KR","LG DACOM Corporation","286","LG Uplus","51080","socks4","4592","2","2023-06-01T02:49:08.568Z","100","1876","1879"
"202.182.70.189","elite","AS7018","US","AT&T Services, Inc.","100","CABLE & FIBERLINK","13996","socks4","5103","3","2023-06-01T02:49:05.072Z","62","1216","1968"
"200.218.240.9","elite","AS28594","BR","All Net Informatica Ltda","199","All Net Informatica Ltda","5678","socks4","4700","2","2023-06-01T02:49:04.685Z","96","1911","1986"
"103.84.134.9","elite","AS136238","MV","SatLink Pvt Ltd","192","SatLink Pvt Ltd","1080","socks4","4912","1","2023-06-01T02:49:04.771Z","100","1957","1965"
"45.7.177.212","elite","AS266626","BR","Litoral Telecom","203","Litoral Telecom","39867","socks4","4706","1","2023-06-01T02:49:04.778Z","99","1970","1987"
"103.81.15.113","elite","AS135792","IN","Syswall Telecom Pvt. Ltd.","300","Syswall Telecom Pvt. Ltd.","44832","socks4","5001","1","2023-06-01T02:49:00.784Z","99","1979","1991"
"201.210.242.29","elite","AS8048","VE","CANTV Servicios, Venezuela","395","CANTV Servicios, Venezuela","8080","socks4","4800","2","2023-06-01T02:49:00.776Z","23","436","1930"
"154.79.242.178","elite","AS36926","KE","Airtel KE Mobile & Fixed Internet","176","N/A","10801","socks4","1208","1","2023-06-01T02:49:00.870Z","91","1803","1991"
"103.105.40.161","elite","AS137143","IN","Minnal Digital Network Private Limited","156","Minnal Digital Network Private Limited","4145","socks4","1800","2","2023-06-01T02:49:00.687Z","100","1884","1889"
"103.47.93.225","elite","AS134058","IN","Broban Internet Services Pvt.ltd","186","Broban  PVT Ltd.","1080","socks4","4800","1","2023-06-01T02:49:00.774Z","99","1894","1908"
"185.169.181.10","elite","AS34984","TR","Ates Dc","81","Ibrahim MALA trading as Ates Dc","4145","socks4","4196","82","2023-06-01T02:48:57.170Z","100","1971","1972"
"170.233.117.249","elite","AS264738","AR","Sebastian Souto","287","Sebastian Souto","4153","socks4","5195","1","2023-06-01T02:48:57.175Z","98","1943","1985"
"170.254.255.233","elite","AS52584","BR","Connect Fibra","227","Connect Fibra","45816","socks4","4408","2","2023-06-01T02:48:56.868Z","98","1881","1927"
"104.16.207.86","elite","AS13335","CA","American Registry Internet Numbers","2","American Registry Internet Numbers","80","socks5","4600","3","2023-06-01T02:48:56.877Z","100","1984","1984"
"180.183.134.72","elite","AS45629","TH","Triple T Broadband Public Company Limited","192","Triple T Broadband Public Company Limited","8080","socks4","2999","2","2023-06-01T02:48:56.872Z","99","1847","1864"
"148.251.232.232","elite","AS24940","DE","Hetzner Online GmbH","26","Hetzner","30263","socks4","3298","2","2023-06-01T02:48:51.368Z","100","1981","1983"
"148.153.23.18","elite","AS63199","US","CDS Global Cloud Co., Ltd","144","CDS Global Cloud Co., Ltd","39593","socks4","5196","86","2023-06-01T02:48:51.470Z","100","1992","1993"
"91.233.75.141","elite","AS57592","PL","Syrion Sp. z o.o.","48","Syrion Sp. z o.o","5678","socks4","3410","1","2023-06-01T02:48:50.283Z","95","1842","1937"
"116.58.254.201","elite","AS131090","TH","CAT-BB","195","N/A","4145","socks4","4597","1","2023-06-01T02:48:50.371Z","67","1336","1991"
"103.10.99.110","elite","AS18103","ID","Neuviz","221","N/A","5678","socks4","3904","85","2023-06-01T02:48:50.384Z","96","1893","1979"
"103.105.40.13","elite","AS137143","IN","Minnal Digital Network Private Limited","148","Minnal Digital Network Private Limited","4145","socks4","4993","7","2023-06-01T02:48:50.275Z","100","1974","1981"
"102.66.237.2","elite","AS328471","ZA","HERO TELECOMS (PTY) LTD","187","Herotel","5678","socks4","4997","2","2023-06-01T02:48:50.382Z","53","991","1872"
"68.183.232.4","elite","AS14061","SG","DigitalOcean, LLC","167","DigitalOcean, LLC","3128","socks5","4704","1","2023-06-01T02:48:50.368Z","100","1885","1885"
"80.116.152.53","elite","AS3269","IT","Telecom Italia S.p.A. TIN EASY LITE","87","INTERBUSINESS","3744","socks4","4520","3","2023-06-01T02:48:50.386Z","88","1655","1885"